CO2 emission estimates,Year,Series,Value
Albania,2005,Emissions (thousand metric tons of carbon dioxide),3825.184
Albania,2010,Emissions (thousand metric tons of carbon dioxide),3930.295
Albania,2017,Emissions (thousand metric tons of carbon dioxide),4342.011
Albania,2005,Emissions per capita (metric tons of carbon dioxide),1.27
Albania,2010,Emissions per capita (metric tons of carbon dioxide),1.349
Albania,2017,Emissions per capita (metric tons of carbon dioxide),1.511
Algeria,2005,Emissions (thousand metric tons of carbon dioxide),77474.13
Algeria,2010,Emissions (thousand metric tons of carbon dioxide),95535.489
Algeria,2017,Emissions (thousand metric tons of carbon dioxide),130493.653
Algeria,2005,Emissions per capita (metric tons of carbon dioxide),2.327
Algeria,2010,Emissions per capita (metric tons of carbon dioxide),2.645
Algeria,2017,Emissions per capita (metric tons of carbon dioxide),3.158
Angola,2005,Emissions (thousand metric tons of carbon dioxide),6146.691
Angola,2010,Emissions (thousand metric tons of carbon dioxide),15151.684
Angola,2017,Emissions (thousand metric tons of carbon dioxide),18021.394
Angola,2005,Emissions per capita (metric tons of carbon dioxide),0.314
Angola,2010,Emissions per capita (metric tons of carbon dioxide),0.648
Angola,2017,Emissions per capita (metric tons of carbon dioxide),0.605
Argentina,2005,Emissions (thousand metric tons of carbon dioxide),149476.04
Argentina,2010,Emissions (thousand metric tons of carbon dioxide),173768.538
Argentina,2017,Emissions (thousand metric tons of carbon dioxide),183375.203
Argentina,2005,Emissions per capita (metric tons of carbon dioxide),3.819
Argentina,2010,Emissions per capita (metric tons of carbon dioxide),4.215
Argentina,2017,Emissions per capita (metric tons of carbon dioxide),4.142
Armenia,2005,Emissions (thousand metric tons of carbon dioxide),4129.845
Armenia,2010,Emissions (thousand metric tons of carbon dioxide),4048.253
Armenia,2017,Emissions (thousand metric tons of carbon dioxide),5165.593
Armenia,2005,Emissions per capita (metric tons of carbon dioxide),1.385
Armenia,2010,Emissions per capita (metric tons of carbon dioxide),1.407
Armenia,2017,Emissions per capita (metric tons of carbon dioxide),1.763
Australia,2005,Emissions (thousand metric tons of carbon dioxide),365515.118
Australia,2010,Emissions (thousand metric tons of carbon dioxide),383618.673
Australia,2017,Emissions (thousand metric tons of carbon dioxide),384583.857
Australia,2005,Emissions per capita (metric tons of carbon dioxide),17.873
Australia,2010,Emissions per capita (metric tons of carbon dioxide),17.412
Australia,2017,Emissions per capita (metric tons of carbon dioxide),15.632
Austria,2005,Emissions (thousand metric tons of carbon dioxide),74764.026
Austria,2010,Emissions (thousand metric tons of carbon dioxide),68571.165
Austria,2017,Emissions (thousand metric tons of carbon dioxide),64872.394
Austria,2005,Emissions per capita (metric tons of carbon dioxide),9.09
Austria,2010,Emissions per capita (metric tons of carbon dioxide),8.201
Austria,2017,Emissions per capita (metric tons of carbon dioxide),7.376
Azerbaijan,2005,Emissions (thousand metric tons of carbon dioxide),29018.489
Azerbaijan,2010,Emissions (thousand metric tons of carbon dioxide),23532.476
Azerbaijan,2017,Emissions (thousand metric tons of carbon dioxide),30805.851
Azerbaijan,2005,Emissions per capita (metric tons of carbon dioxide),3.458
Azerbaijan,2010,Emissions per capita (metric tons of carbon dioxide),2.599
Azerbaijan,2017,Emissions per capita (metric tons of carbon dioxide),3.124
Bahrain,2005,Emissions (thousand metric tons of carbon dioxide),20564.912
Bahrain,2010,Emissions (thousand metric tons of carbon dioxide),25551.566
Bahrain,2017,Emissions (thousand metric tons of carbon dioxide),29813.834
Bahrain,2005,Emissions per capita (metric tons of carbon dioxide),23.133
Bahrain,2010,Emissions per capita (metric tons of carbon dioxide),20.589
Bahrain,2017,Emissions per capita (metric tons of carbon dioxide),19.969
Bangladesh,2005,Emissions (thousand metric tons of carbon dioxide),31960.244
Bangladesh,2010,Emissions (thousand metric tons of carbon dioxide),49899.502
Bangladesh,2017,Emissions (thousand metric tons of carbon dioxide),78270.17
Bangladesh,2005,Emissions per capita (metric tons of carbon dioxide),0.223
Bangladesh,2010,Emissions per capita (metric tons of carbon dioxide),0.328
Bangladesh,2017,Emissions per capita (metric tons of carbon dioxide),0.475
Belarus,2005,Emissions (thousand metric tons of carbon dioxide),55014.16
Belarus,2010,Emissions (thousand metric tons of carbon dioxide),59498.259
Belarus,2017,Emissions (thousand metric tons of carbon dioxide),54070.453
Belarus,2005,Emissions per capita (metric tons of carbon dioxide),5.693
Belarus,2010,Emissions per capita (metric tons of carbon dioxide),6.269
Belarus,2017,Emissions per capita (metric tons of carbon dioxide),5.687
Belgium,2005,Emissions (thousand metric tons of carbon dioxide),107676.772
Belgium,2010,Emissions (thousand metric tons of carbon dioxide),103890.892
Belgium,2017,Emissions (thousand metric tons of carbon dioxide),90368.188
Belgium,2005,Emissions per capita (metric tons of carbon dioxide),10.275
Belgium,2010,Emissions per capita (metric tons of carbon dioxide),9.535
Belgium,2017,Emissions per capita (metric tons of carbon dioxide),7.963
Benin,2005,Emissions (thousand metric tons of carbon dioxide),2677.863
Benin,2010,Emissions (thousand metric tons of carbon dioxide),4573.129
Benin,2017,Emissions (thousand metric tons of carbon dioxide),6763.074
Benin,2005,Emissions per capita (metric tons of carbon dioxide),0.335
Benin,2010,Emissions per capita (metric tons of carbon dioxide),0.497
Benin,2017,Emissions per capita (metric tons of carbon dioxide),0.605
Bolivia (Plurin. State of),2005,Emissions (thousand metric tons of carbon dioxide),8975.809
Bolivia (Plurin. State of),2010,Emissions (thousand metric tons of carbon dioxide),13637.623
Bolivia (Plurin. State of),2017,Emissions (thousand metric tons of carbon dioxide),21899.18
Bolivia (Plurin. State of),2005,Emissions per capita (metric tons of carbon dioxide),0.984
Bolivia (Plurin. State of),2010,Emissions per capita (metric tons of carbon dioxide),1.375
Bolivia (Plurin. State of),2017,Emissions per capita (metric tons of carbon dioxide),1.981
Bosnia and Herzegovina,2005,Emissions (thousand metric tons of carbon dioxide),15857.733
Bosnia and Herzegovina,2010,Emissions (thousand metric tons of carbon dioxide),20482.682
Bosnia and Herzegovina,2017,Emissions (thousand metric tons of carbon dioxide),22327.978
Bosnia and Herzegovina,2005,Emissions per capita (metric tons of carbon dioxide),4.193
Bosnia and Herzegovina,2010,Emissions per capita (metric tons of carbon dioxide),5.503
Bosnia and Herzegovina,2017,Emissions per capita (metric tons of carbon dioxide),6.367
Botswana,2005,Emissions (thousand metric tons of carbon dioxide),4278.592
Botswana,2010,Emissions (thousand metric tons of carbon dioxide),3271.367
Botswana,2017,Emissions (thousand metric tons of carbon dioxide),7717.409
Botswana,2005,Emissions per capita (metric tons of carbon dioxide),2.305
Botswana,2010,Emissions per capita (metric tons of carbon dioxide),1.624
Botswana,2017,Emissions per capita (metric tons of carbon dioxide),3.367
Brazil,2005,Emissions (thousand metric tons of carbon dioxide),311623.799
Brazil,2010,Emissions (thousand metric tons of carbon dioxide),372003.618
Brazil,2017,Emissions (thousand metric tons of carbon dioxide),427632.717
Brazil,2005,Emissions per capita (metric tons of carbon dioxide),1.667
Brazil,2010,Emissions per capita (metric tons of carbon dioxide),1.89
Brazil,2017,Emissions per capita (metric tons of carbon dioxide),2.043
Brunei Darussalam,2005,Emissions (thousand metric tons of carbon dioxide),4823.126
Brunei Darussalam,2010,Emissions (thousand metric tons of carbon dioxide),6861.946
Brunei Darussalam,2017,Emissions (thousand metric tons of carbon dioxide),6710.178
Brunei Darussalam,2005,Emissions per capita (metric tons of carbon dioxide),13.214
Brunei Darussalam,2010,Emissions per capita (metric tons of carbon dioxide),17.64
Brunei Darussalam,2017,Emissions per capita (metric tons of carbon dioxide),15.641
Bulgaria,2005,Emissions (thousand metric tons of carbon dioxide),46473.483
Bulgaria,2010,Emissions (thousand metric tons of carbon dioxide),44362.486
Bulgaria,2017,Emissions (thousand metric tons of carbon dioxide),42819.932
Bulgaria,2005,Emissions per capita (metric tons of carbon dioxide),6.068
Bulgaria,2010,Emissions per capita (metric tons of carbon dioxide),5.998
Bulgaria,2017,Emissions per capita (metric tons of carbon dioxide),6.051
Cambodia,2005,Emissions (thousand metric tons of carbon dioxide),2639.032
Cambodia,2010,Emissions (thousand metric tons of carbon dioxide),4621.82
Cambodia,2017,Emissions (thousand metric tons of carbon dioxide),10762.923
Cambodia,2005,Emissions per capita (metric tons of carbon dioxide),0.199
Cambodia,2010,Emissions per capita (metric tons of carbon dioxide),0.323
Cambodia,2017,Emissions per capita (metric tons of carbon dioxide),0.672
Cameroon,2005,Emissions (thousand metric tons of carbon dioxide),2935.781
Cameroon,2010,Emissions (thousand metric tons of carbon dioxide),5050.631
Cameroon,2017,Emissions (thousand metric tons of carbon dioxide),6152.919
Cameroon,2005,Emissions per capita (metric tons of carbon dioxide),0.169
Cameroon,2010,Emissions per capita (metric tons of carbon dioxide),0.253
Cameroon,2017,Emissions per capita (metric tons of carbon dioxide),0.256
Canada,2005,Emissions (thousand metric tons of carbon dioxide),540431.495
Canada,2010,Emissions (thousand metric tons of carbon dioxide),528618.581
Canada,2017,Emissions (thousand metric tons of carbon dioxide),547798.641
Canada,2005,Emissions per capita (metric tons of carbon dioxide),16.762
Canada,2010,Emissions per capita (metric tons of carbon dioxide),15.545
Canada,2017,Emissions per capita (metric tons of carbon dioxide),14.992
Chile,2005,Emissions (thousand metric tons of carbon dioxide),54434.634
Chile,2010,Emissions (thousand metric tons of carbon dioxide),68604.765
Chile,2017,Emissions (thousand metric tons of carbon dioxide),86087.14
Chile,2005,Emissions per capita (metric tons of carbon dioxide),3.343
Chile,2010,Emissions per capita (metric tons of carbon dioxide),4.014
Chile,2017,Emissions per capita (metric tons of carbon dioxide),4.648
China,2005,Emissions (thousand metric tons of carbon dioxide),5407518.03
China,2010,Emissions (thousand metric tons of carbon dioxide),7832716.615
China,2017,Emissions (thousand metric tons of carbon dioxide),9257933.9
China,2005,Emissions per capita (metric tons of carbon dioxide),4.148
China,2010,Emissions per capita (metric tons of carbon dioxide),5.855
China,2017,Emissions per capita (metric tons of carbon dioxide),6.678
"China, Hong Kong SAR",2005,Emissions (thousand metric tons of carbon dioxide),41332.022
"China, Hong Kong SAR",2010,Emissions (thousand metric tons of carbon dioxide),41997.165
"China, Hong Kong SAR",2017,Emissions (thousand metric tons of carbon dioxide),44034.675
"China, Hong Kong SAR",2005,Emissions per capita (metric tons of carbon dioxide),6.067
"China, Hong Kong SAR",2010,Emissions per capita (metric tons of carbon dioxide),5.979
"China, Hong Kong SAR",2017,Emissions per capita (metric tons of carbon dioxide),5.957
Colombia,2005,Emissions (thousand metric tons of carbon dioxide),53585.3
Colombia,2010,Emissions (thousand metric tons of carbon dioxide),60224.103
Colombia,2017,Emissions (thousand metric tons of carbon dioxide),75291.911
Colombia,2005,Emissions per capita (metric tons of carbon dioxide),1.238
Colombia,2010,Emissions per capita (metric tons of carbon dioxide),1.312
Colombia,2017,Emissions per capita (metric tons of carbon dioxide),1.535
Congo,2005,Emissions (thousand metric tons of carbon dioxide),843.574
Congo,2010,Emissions (thousand metric tons of carbon dioxide),1833.183
Congo,2017,Emissions (thousand metric tons of carbon dioxide),2847.335
Congo,2005,Emissions per capita (metric tons of carbon dioxide),0.227
Congo,2010,Emissions per capita (metric tons of carbon dioxide),0.418
Congo,2017,Emissions per capita (metric tons of carbon dioxide),0.541
Costa Rica,2005,Emissions (thousand metric tons of carbon dioxide),5463.059
Costa Rica,2010,Emissions (thousand metric tons of carbon dioxide),6622.054
Costa Rica,2017,Emissions (thousand metric tons of carbon dioxide),7584.411
Costa Rica,2005,Emissions per capita (metric tons of carbon dioxide),1.286
Costa Rica,2010,Emissions per capita (metric tons of carbon dioxide),1.457
Costa Rica,2017,Emissions per capita (metric tons of carbon dioxide),1.546
Côte d’Ivoire,2005,Emissions (thousand metric tons of carbon dioxide),5813.001
Côte d’Ivoire,2010,Emissions (thousand metric tons of carbon dioxide),6245.044
Côte d’Ivoire,2017,Emissions (thousand metric tons of carbon dioxide),10234.205
Côte d’Ivoire,2005,Emissions per capita (metric tons of carbon dioxide),0.317
Côte d’Ivoire,2010,Emissions per capita (metric tons of carbon dioxide),0.306
Côte d’Ivoire,2017,Emissions per capita (metric tons of carbon dioxide),0.421
Croatia,2005,Emissions (thousand metric tons of carbon dioxide),19917.214
Croatia,2010,Emissions (thousand metric tons of carbon dioxide),18248.777
Croatia,2017,Emissions (thousand metric tons of carbon dioxide),16193.172
Croatia,2005,Emissions per capita (metric tons of carbon dioxide),4.484
Croatia,2010,Emissions per capita (metric tons of carbon dioxide),4.131
Croatia,2017,Emissions per capita (metric tons of carbon dioxide),3.925
Cuba,2005,Emissions (thousand metric tons of carbon dioxide),25051.431
Cuba,2010,Emissions (thousand metric tons of carbon dioxide),29508.746
Cuba,2017,Emissions (thousand metric tons of carbon dioxide),26215.665
Cuba,2005,Emissions per capita (metric tons of carbon dioxide),2.22
Cuba,2010,Emissions per capita (metric tons of carbon dioxide),2.604
Cuba,2017,Emissions per capita (metric tons of carbon dioxide),2.283
Curaçao,2017,Emissions (thousand metric tons of carbon dioxide),3748.132
Curaçao,2017,Emissions per capita (metric tons of carbon dioxide),23.28
Cyprus,2005,Emissions (thousand metric tons of carbon dioxide),7047.944
Cyprus,2010,Emissions (thousand metric tons of carbon dioxide),7260.554
Cyprus,2017,Emissions (thousand metric tons of carbon dioxide),6367.874
Cyprus,2005,Emissions per capita (metric tons of carbon dioxide),9.615
Cyprus,2010,Emissions per capita (metric tons of carbon dioxide),8.865
Cyprus,2017,Emissions per capita (metric tons of carbon dioxide),7.448
Czechia,2005,Emissions (thousand metric tons of carbon dioxide),118369.879
Czechia,2010,Emissions (thousand metric tons of carbon dioxide),112460.232
Czechia,2017,Emissions (thousand metric tons of carbon dioxide),101682.752
Czechia,2005,Emissions per capita (metric tons of carbon dioxide),11.566
Czechia,2010,Emissions per capita (metric tons of carbon dioxide),10.693
Czechia,2017,Emissions per capita (metric tons of carbon dioxide),9.602
Dem. People's Rep. Korea,2005,Emissions (thousand metric tons of carbon dioxide),75340.154
Dem. People's Rep. Korea,2010,Emissions (thousand metric tons of carbon dioxide),49292.798
Dem. People's Rep. Korea,2017,Emissions (thousand metric tons of carbon dioxide),19579.698
Dem. People's Rep. Korea,2005,Emissions per capita (metric tons of carbon dioxide),3.152
Dem. People's Rep. Korea,2010,Emissions per capita (metric tons of carbon dioxide),2.004
Dem. People's Rep. Korea,2017,Emissions per capita (metric tons of carbon dioxide),0.768
Dem. Rep. of the Congo,2005,Emissions (thousand metric tons of carbon dioxide),1281.832
Dem. Rep. of the Congo,2010,Emissions (thousand metric tons of carbon dioxide),1869.246
Dem. Rep. of the Congo,2017,Emissions (thousand metric tons of carbon dioxide),2201.742
Dem. Rep. of the Congo,2005,Emissions per capita (metric tons of carbon dioxide),0.023
Dem. Rep. of the Congo,2010,Emissions per capita (metric tons of carbon dioxide),0.029
Dem. Rep. of the Congo,2017,Emissions per capita (metric tons of carbon dioxide),0.027
Denmark,2005,Emissions (thousand metric tons of carbon dioxide),48494.944
Denmark,2010,Emissions (thousand metric tons of carbon dioxide),47254.487
Denmark,2017,Emissions (thousand metric tons of carbon dioxide),31263.57
Denmark,2005,Emissions per capita (metric tons of carbon dioxide),8.949
Denmark,2010,Emissions per capita (metric tons of carbon dioxide),8.519
Denmark,2017,Emissions per capita (metric tons of carbon dioxide),5.421
Dominican Republic,2005,Emissions (thousand metric tons of carbon dioxide),17522.139
Dominican Republic,2010,Emissions (thousand metric tons of carbon dioxide),19021.523
Dominican Republic,2017,Emissions (thousand metric tons of carbon dioxide),21430.38
Dominican Republic,2005,Emissions per capita (metric tons of carbon dioxide),1.897
Dominican Republic,2010,Emissions per capita (metric tons of carbon dioxide),1.922
Dominican Republic,2017,Emissions per capita (metric tons of carbon dioxide),1.99
Ecuador,2005,Emissions (thousand metric tons of carbon dioxide),23926.725
Ecuador,2010,Emissions (thousand metric tons of carbon dioxide),32749.762
Ecuador,2017,Emissions (thousand metric tons of carbon dioxide),34299.317
Ecuador,2005,Emissions per capita (metric tons of carbon dioxide),1.742
Ecuador,2010,Emissions per capita (metric tons of carbon dioxide),2.193
Ecuador,2017,Emissions per capita (metric tons of carbon dioxide),2.063
Egypt,2005,Emissions (thousand metric tons of carbon dioxide),145027.708
Egypt,2010,Emissions (thousand metric tons of carbon dioxide),176436.297
Egypt,2017,Emissions (thousand metric tons of carbon dioxide),209219.059
Egypt,2005,Emissions per capita (metric tons of carbon dioxide),1.889
Egypt,2010,Emissions per capita (metric tons of carbon dioxide),2.098
Egypt,2017,Emissions per capita (metric tons of carbon dioxide),2.145
El Salvador,2005,Emissions (thousand metric tons of carbon dioxide),6252.815
El Salvador,2010,Emissions (thousand metric tons of carbon dioxide),5826.204
El Salvador,2017,Emissions (thousand metric tons of carbon dioxide),5735.668
El Salvador,2005,Emissions per capita (metric tons of carbon dioxide),1.037
El Salvador,2010,Emissions per capita (metric tons of carbon dioxide),0.945
El Salvador,2017,Emissions per capita (metric tons of carbon dioxide),0.899
Eritrea,2005,Emissions (thousand metric tons of carbon dioxide),578.183
Eritrea,2010,Emissions (thousand metric tons of carbon dioxide),479.57
Eritrea,2017,Emissions (thousand metric tons of carbon dioxide),632.105
Eritrea,2005,Emissions per capita (metric tons of carbon dioxide),0.146
Eritrea,2010,Emissions per capita (metric tons of carbon dioxide),0.109
Eritrea,2017,Emissions per capita (metric tons of carbon dioxide),0.125
Estonia,2005,Emissions (thousand metric tons of carbon dioxide),16747.695
Estonia,2010,Emissions (thousand metric tons of carbon dioxide),18563.998
Estonia,2017,Emissions (thousand metric tons of carbon dioxide),15972.029
Estonia,2005,Emissions per capita (metric tons of carbon dioxide),12.324
Estonia,2010,Emissions per capita (metric tons of carbon dioxide),13.926
Estonia,2017,Emissions per capita (metric tons of carbon dioxide),12.137
Ethiopia,2005,Emissions (thousand metric tons of carbon dioxide),4482.124
Ethiopia,2010,Emissions (thousand metric tons of carbon dioxide),5898.599
Ethiopia,2017,Emissions (thousand metric tons of carbon dioxide),13059.815
Ethiopia,2005,Emissions per capita (metric tons of carbon dioxide),0.058
Ethiopia,2010,Emissions per capita (metric tons of carbon dioxide),0.067
Ethiopia,2017,Emissions per capita (metric tons of carbon dioxide),0.124
Finland,2005,Emissions (thousand metric tons of carbon dioxide),54918.043
Finland,2010,Emissions (thousand metric tons of carbon dioxide),62000.673
Finland,2017,Emissions (thousand metric tons of carbon dioxide),42598.175
Finland,2005,Emissions per capita (metric tons of carbon dioxide),10.469
Finland,2010,Emissions per capita (metric tons of carbon dioxide),11.561
Finland,2017,Emissions per capita (metric tons of carbon dioxide),7.734
France,2005,Emissions (thousand metric tons of carbon dioxide),371892.91
France,2010,Emissions (thousand metric tons of carbon dioxide),340218.09
France,2017,Emissions (thousand metric tons of carbon dioxide),306123.541
France,2005,Emissions per capita (metric tons of carbon dioxide),5.887
France,2010,Emissions per capita (metric tons of carbon dioxide),5.233
France,2017,Emissions per capita (metric tons of carbon dioxide),4.565
Gabon,2005,Emissions (thousand metric tons of carbon dioxide),1733.485
Gabon,2010,Emissions (thousand metric tons of carbon dioxide),2659.638
Gabon,2017,Emissions (thousand metric tons of carbon dioxide),3367.911
Gabon,2005,Emissions per capita (metric tons of carbon dioxide),1.236
Gabon,2010,Emissions per capita (metric tons of carbon dioxide),1.622
Gabon,2017,Emissions per capita (metric tons of carbon dioxide),1.663
Georgia,2005,Emissions (thousand metric tons of carbon dioxide),4065.656
Georgia,2010,Emissions (thousand metric tons of carbon dioxide),4995.027
Georgia,2017,Emissions (thousand metric tons of carbon dioxide),8720.3
Georgia,2005,Emissions per capita (metric tons of carbon dioxide),0.97
Georgia,2010,Emissions per capita (metric tons of carbon dioxide),1.272
Georgia,2017,Emissions per capita (metric tons of carbon dioxide),2.346
Germany,2005,Emissions (thousand metric tons of carbon dioxide),786664.297
Germany,2010,Emissions (thousand metric tons of carbon dioxide),758802.602
Germany,2017,Emissions (thousand metric tons of carbon dioxide),718794.085
Germany,2005,Emissions per capita (metric tons of carbon dioxide),9.672
Germany,2010,Emissions per capita (metric tons of carbon dioxide),9.451
Germany,2017,Emissions per capita (metric tons of carbon dioxide),8.696
Ghana,2005,Emissions (thousand metric tons of carbon dioxide),6306.508
Ghana,2010,Emissions (thousand metric tons of carbon dioxide),10419.649
Ghana,2017,Emissions (thousand metric tons of carbon dioxide),13779.635
Ghana,2005,Emissions per capita (metric tons of carbon dioxide),0.293
Ghana,2010,Emissions per capita (metric tons of carbon dioxide),0.425
Ghana,2017,Emissions per capita (metric tons of carbon dioxide),0.478
Gibraltar,2005,Emissions (thousand metric tons of carbon dioxide),405.663
Gibraltar,2010,Emissions (thousand metric tons of carbon dioxide),474.195
Gibraltar,2017,Emissions (thousand metric tons of carbon dioxide),703.9
Gibraltar,2005,Emissions per capita (metric tons of carbon dioxide),13.086
Gibraltar,2010,Emissions per capita (metric tons of carbon dioxide),15.297
Gibraltar,2017,Emissions per capita (metric tons of carbon dioxide),20.703
Greece,2005,Emissions (thousand metric tons of carbon dioxide),95156.324
Greece,2010,Emissions (thousand metric tons of carbon dioxide),83369.47
Greece,2017,Emissions (thousand metric tons of carbon dioxide),63213.31
Greece,2005,Emissions per capita (metric tons of carbon dioxide),8.661
Greece,2010,Emissions per capita (metric tons of carbon dioxide),7.497
Greece,2017,Emissions per capita (metric tons of carbon dioxide),5.878
Guatemala,2005,Emissions (thousand metric tons of carbon dioxide),10621.597
Guatemala,2010,Emissions (thousand metric tons of carbon dioxide),10272.703
Guatemala,2017,Emissions (thousand metric tons of carbon dioxide),15703.161
Guatemala,2005,Emissions per capita (metric tons of carbon dioxide),0.811
Guatemala,2010,Emissions per capita (metric tons of carbon dioxide),0.702
Guatemala,2017,Emissions per capita (metric tons of carbon dioxide),0.928
Haiti,2005,Emissions (thousand metric tons of carbon dioxide),1980.992
Haiti,2010,Emissions (thousand metric tons of carbon dioxide),2095.144
Haiti,2017,Emissions (thousand metric tons of carbon dioxide),3293.125
Haiti,2005,Emissions per capita (metric tons of carbon dioxide),0.214
Haiti,2010,Emissions per capita (metric tons of carbon dioxide),0.21
Haiti,2017,Emissions per capita (metric tons of carbon dioxide),0.3
Honduras,2005,Emissions (thousand metric tons of carbon dioxide),7192.737
Honduras,2010,Emissions (thousand metric tons of carbon dioxide),7535.444
Honduras,2017,Emissions (thousand metric tons of carbon dioxide),9426.74
Honduras,2005,Emissions per capita (metric tons of carbon dioxide),0.976
Honduras,2010,Emissions per capita (metric tons of carbon dioxide),0.92
Honduras,2017,Emissions per capita (metric tons of carbon dioxide),1.017
Hungary,2005,Emissions (thousand metric tons of carbon dioxide),54722.182
Hungary,2010,Emissions (thousand metric tons of carbon dioxide),47145.132
Hungary,2017,Emissions (thousand metric tons of carbon dioxide),45783.636
Hungary,2005,Emissions per capita (metric tons of carbon dioxide),5.425
Hungary,2010,Emissions per capita (metric tons of carbon dioxide),4.715
Hungary,2017,Emissions per capita (metric tons of carbon dioxide),4.678
Iceland,2005,Emissions (thousand metric tons of carbon dioxide),2235.38
Iceland,2010,Emissions (thousand metric tons of carbon dioxide),1949.182
Iceland,2017,Emissions (thousand metric tons of carbon dioxide),2173.307
Iceland,2005,Emissions per capita (metric tons of carbon dioxide),7.552
Iceland,2010,Emissions per capita (metric tons of carbon dioxide),6.13
Iceland,2017,Emissions per capita (metric tons of carbon dioxide),6.336
India,2005,Emissions (thousand metric tons of carbon dioxide),1073700.993
India,2010,Emissions (thousand metric tons of carbon dioxide),1583431.201
India,2017,Emissions (thousand metric tons of carbon dioxide),2161567.072
India,2005,Emissions per capita (metric tons of carbon dioxide),0.938
India,2010,Emissions per capita (metric tons of carbon dioxide),1.286
India,2017,Emissions per capita (metric tons of carbon dioxide),1.614
Indonesia,2005,Emissions (thousand metric tons of carbon dioxide),317824.312
Indonesia,2010,Emissions (thousand metric tons of carbon dioxide),357646.151
Indonesia,2017,Emissions (thousand metric tons of carbon dioxide),496406.275
Indonesia,2005,Emissions per capita (metric tons of carbon dioxide),1.402
Indonesia,2010,Emissions per capita (metric tons of carbon dioxide),1.475
Indonesia,2017,Emissions per capita (metric tons of carbon dioxide),1.88
Iran (Islamic Republic of),2005,Emissions (thousand metric tons of carbon dioxide),417780.642
Iran (Islamic Republic of),2010,Emissions (thousand metric tons of carbon dioxide),498607.87
Iran (Islamic Republic of),2017,Emissions (thousand metric tons of carbon dioxide),567123.294
Iran (Islamic Republic of),2005,Emissions per capita (metric tons of carbon dioxide),5.933
Iran (Islamic Republic of),2010,Emissions per capita (metric tons of carbon dioxide),6.687
Iran (Islamic Republic of),2017,Emissions per capita (metric tons of carbon dioxide),6.987
Iraq,2005,Emissions (thousand metric tons of carbon dioxide),73175.677
Iraq,2010,Emissions (thousand metric tons of carbon dioxide),103576.749
Iraq,2017,Emissions (thousand metric tons of carbon dioxide),139877.659
Iraq,2005,Emissions per capita (metric tons of carbon dioxide),2.709
Iraq,2010,Emissions per capita (metric tons of carbon dioxide),3.367
Iraq,2017,Emissions per capita (metric tons of carbon dioxide),3.655
Ireland,2005,Emissions (thousand metric tons of carbon dioxide),44420.119
Ireland,2010,Emissions (thousand metric tons of carbon dioxide),39516.725
Ireland,2017,Emissions (thousand metric tons of carbon dioxide),35720.302
Ireland,2005,Emissions per capita (metric tons of carbon dioxide),10.678
Ireland,2010,Emissions per capita (metric tons of carbon dioxide),8.666
Ireland,2017,Emissions per capita (metric tons of carbon dioxide),7.439
Israel,2005,Emissions (thousand metric tons of carbon dioxide),58796.711
Israel,2010,Emissions (thousand metric tons of carbon dioxide),68437.949
Israel,2017,Emissions (thousand metric tons of carbon dioxide),63766.189
Israel,2005,Emissions per capita (metric tons of carbon dioxide),8.447
Israel,2010,Emissions per capita (metric tons of carbon dioxide),8.98
Israel,2017,Emissions per capita (metric tons of carbon dioxide),7.322
Italy,2005,Emissions (thousand metric tons of carbon dioxide),456431.826
Italy,2010,Emissions (thousand metric tons of carbon dioxide),391992.33
Italy,2017,Emissions (thousand metric tons of carbon dioxide),321481.224
Italy,2005,Emissions per capita (metric tons of carbon dioxide),7.844
Italy,2010,Emissions per capita (metric tons of carbon dioxide),6.552
Italy,2017,Emissions per capita (metric tons of carbon dioxide),5.31
Jamaica,2005,Emissions (thousand metric tons of carbon dioxide),10281.648
Jamaica,2010,Emissions (thousand metric tons of carbon dioxide),6930.89
Jamaica,2017,Emissions (thousand metric tons of carbon dioxide),6971.666
Jamaica,2005,Emissions per capita (metric tons of carbon dioxide),3.746
Jamaica,2010,Emissions per capita (metric tons of carbon dioxide),2.46
Jamaica,2017,Emissions per capita (metric tons of carbon dioxide),2.412
Japan,2005,Emissions (thousand metric tons of carbon dioxide),1166814.399
Japan,2010,Emissions (thousand metric tons of carbon dioxide),1127152.038
Japan,2017,Emissions (thousand metric tons of carbon dioxide),1132435.4
Japan,2005,Emissions per capita (metric tons of carbon dioxide),9.133
Japan,2010,Emissions per capita (metric tons of carbon dioxide),8.803
Japan,2017,Emissions per capita (metric tons of carbon dioxide),8.938
Jordan,2005,Emissions (thousand metric tons of carbon dioxide),17922.443
Jordan,2010,Emissions (thousand metric tons of carbon dioxide),18801.144
Jordan,2017,Emissions (thousand metric tons of carbon dioxide),25550.14
Jordan,2005,Emissions per capita (metric tons of carbon dioxide),3.137
Jordan,2010,Emissions per capita (metric tons of carbon dioxide),2.618
Jordan,2017,Emissions per capita (metric tons of carbon dioxide),2.633
Kazakhstan,2005,Emissions (thousand metric tons of carbon dioxide),156902.433
Kazakhstan,2010,Emissions (thousand metric tons of carbon dioxide),221101.402
Kazakhstan,2017,Emissions (thousand metric tons of carbon dioxide),255767.646
Kazakhstan,2005,Emissions per capita (metric tons of carbon dioxide),10.359
Kazakhstan,2010,Emissions per capita (metric tons of carbon dioxide),13.546
Kazakhstan,2017,Emissions per capita (metric tons of carbon dioxide),14.179
Kenya,2005,Emissions (thousand metric tons of carbon dioxide),7483.192
Kenya,2010,Emissions (thousand metric tons of carbon dioxide),11209.779
Kenya,2017,Emissions (thousand metric tons of carbon dioxide),16264.973
Kenya,2005,Emissions per capita (metric tons of carbon dioxide),0.208
Kenya,2010,Emissions per capita (metric tons of carbon dioxide),0.271
Kenya,2017,Emissions per capita (metric tons of carbon dioxide),0.327
Kosovo,2005,Emissions (thousand metric tons of carbon dioxide),6639.156
Kosovo,2010,Emissions (thousand metric tons of carbon dioxide),8695.947
Kosovo,2017,Emissions (thousand metric tons of carbon dioxide),8168.55
Kosovo,2005,Emissions per capita (metric tons of carbon dioxide),3.892
Kosovo,2010,Emissions per capita (metric tons of carbon dioxide),4.896
Kosovo,2017,Emissions per capita (metric tons of carbon dioxide),4.461
Kuwait,2005,Emissions (thousand metric tons of carbon dioxide),64750.023
Kuwait,2010,Emissions (thousand metric tons of carbon dioxide),77004.456
Kuwait,2017,Emissions (thousand metric tons of carbon dioxide),89420.615
Kuwait,2005,Emissions per capita (metric tons of carbon dioxide),28.437
Kuwait,2010,Emissions per capita (metric tons of carbon dioxide),25.685
Kuwait,2017,Emissions per capita (metric tons of carbon dioxide),21.615
Kyrgyzstan,2005,Emissions (thousand metric tons of carbon dioxide),4891.9
Kyrgyzstan,2010,Emissions (thousand metric tons of carbon dioxide),6040.358
Kyrgyzstan,2017,Emissions (thousand metric tons of carbon dioxide),8909.263
Kyrgyzstan,2005,Emissions per capita (metric tons of carbon dioxide),0.947
Kyrgyzstan,2010,Emissions per capita (metric tons of carbon dioxide),1.109
Kyrgyzstan,2017,Emissions per capita (metric tons of carbon dioxide),1.437
Latvia,2005,Emissions (thousand metric tons of carbon dioxide),7580.61
Latvia,2010,Emissions (thousand metric tons of carbon dioxide),8087.541
Latvia,2017,Emissions (thousand metric tons of carbon dioxide),6679.644
Latvia,2005,Emissions per capita (metric tons of carbon dioxide),3.386
Latvia,2010,Emissions per capita (metric tons of carbon dioxide),3.857
Latvia,2017,Emissions per capita (metric tons of carbon dioxide),3.441
Lebanon,2005,Emissions (thousand metric tons of carbon dioxide),14523.599
Lebanon,2010,Emissions (thousand metric tons of carbon dioxide),18293.3
Lebanon,2017,Emissions (thousand metric tons of carbon dioxide),26931.044
Lebanon,2005,Emissions per capita (metric tons of carbon dioxide),3.643
Lebanon,2010,Emissions per capita (metric tons of carbon dioxide),4.218
Lebanon,2017,Emissions per capita (metric tons of carbon dioxide),4.428
Libya,2005,Emissions (thousand metric tons of carbon dioxide),43101.459
Libya,2010,Emissions (thousand metric tons of carbon dioxide),48181.967
Libya,2017,Emissions (thousand metric tons of carbon dioxide),41528.35
Libya,2005,Emissions per capita (metric tons of carbon dioxide),7.44
Libya,2010,Emissions per capita (metric tons of carbon dioxide),7.81
Libya,2017,Emissions per capita (metric tons of carbon dioxide),6.514
Lithuania,2005,Emissions (thousand metric tons of carbon dioxide),12443.951
Lithuania,2010,Emissions (thousand metric tons of carbon dioxide),12314.715
Lithuania,2017,Emissions (thousand metric tons of carbon dioxide),10811.096
Lithuania,2005,Emissions per capita (metric tons of carbon dioxide),3.745
Lithuania,2010,Emissions per capita (metric tons of carbon dioxide),3.976
Lithuania,2017,Emissions per capita (metric tons of carbon dioxide),3.831
Luxembourg,2005,Emissions (thousand metric tons of carbon dioxide),11493.299
Luxembourg,2010,Emissions (thousand metric tons of carbon dioxide),10664.187
Luxembourg,2017,Emissions (thousand metric tons of carbon dioxide),8631.187
Luxembourg,2005,Emissions per capita (metric tons of carbon dioxide),24.664
Luxembourg,2010,Emissions per capita (metric tons of carbon dioxide),20.992
Luxembourg,2017,Emissions per capita (metric tons of carbon dioxide),14.458
Malaysia,2005,Emissions (thousand metric tons of carbon dioxide),155842.735
Malaysia,2010,Emissions (thousand metric tons of carbon dioxide),189860.901
Malaysia,2017,Emissions (thousand metric tons of carbon dioxide),211046.967
Malaysia,2005,Emissions per capita (metric tons of carbon dioxide),6.074
Malaysia,2010,Emissions per capita (metric tons of carbon dioxide),6.754
Malaysia,2017,Emissions per capita (metric tons of carbon dioxide),6.674
Malta,2005,Emissions (thousand metric tons of carbon dioxide),2621.893
Malta,2010,Emissions (thousand metric tons of carbon dioxide),2580.576
Malta,2017,Emissions (thousand metric tons of carbon dioxide),1516.276
Malta,2005,Emissions per capita (metric tons of carbon dioxide),6.49
Malta,2010,Emissions per capita (metric tons of carbon dioxide),6.218
Malta,2017,Emissions per capita (metric tons of carbon dioxide),3.261
Mauritius,2005,Emissions (thousand metric tons of carbon dioxide),2961.755
Mauritius,2010,Emissions (thousand metric tons of carbon dioxide),3662.144
Mauritius,2017,Emissions (thousand metric tons of carbon dioxide),4182.138
Mauritius,2005,Emissions per capita (metric tons of carbon dioxide),2.412
Mauritius,2010,Emissions per capita (metric tons of carbon dioxide),2.93
Mauritius,2017,Emissions per capita (metric tons of carbon dioxide),3.306
Mexico,2005,Emissions (thousand metric tons of carbon dioxide),412385.135
Mexico,2010,Emissions (thousand metric tons of carbon dioxide),440460.336
Mexico,2017,Emissions (thousand metric tons of carbon dioxide),445991.937
Mexico,2005,Emissions per capita (metric tons of carbon dioxide),3.854
Mexico,2010,Emissions per capita (metric tons of carbon dioxide),3.86
Mexico,2017,Emissions per capita (metric tons of carbon dioxide),3.615
Mongolia,2005,Emissions (thousand metric tons of carbon dioxide),10984.928
Mongolia,2010,Emissions (thousand metric tons of carbon dioxide),14139.533
Mongolia,2017,Emissions (thousand metric tons of carbon dioxide),19276.0
Mongolia,2005,Emissions per capita (metric tons of carbon dioxide),4.349
Mongolia,2010,Emissions per capita (metric tons of carbon dioxide),5.212
Mongolia,2017,Emissions per capita (metric tons of carbon dioxide),6.267
Montenegro,2005,Emissions (thousand metric tons of carbon dioxide),2004.798
Montenegro,2010,Emissions (thousand metric tons of carbon dioxide),2584.208
Montenegro,2017,Emissions (thousand metric tons of carbon dioxide),2206.233
Montenegro,2005,Emissions per capita (metric tons of carbon dioxide),3.265
Montenegro,2010,Emissions per capita (metric tons of carbon dioxide),4.175
Montenegro,2017,Emissions per capita (metric tons of carbon dioxide),3.547
Morocco,2005,Emissions (thousand metric tons of carbon dioxide),39215.868
Morocco,2010,Emissions (thousand metric tons of carbon dioxide),46396.882
Morocco,2017,Emissions (thousand metric tons of carbon dioxide),58149.86
Morocco,2005,Emissions per capita (metric tons of carbon dioxide),1.285
Morocco,2010,Emissions per capita (metric tons of carbon dioxide),1.432
Morocco,2017,Emissions per capita (metric tons of carbon dioxide),1.627
Mozambique,2005,Emissions (thousand metric tons of carbon dioxide),1514.919
Mozambique,2010,Emissions (thousand metric tons of carbon dioxide),2377.492
Mozambique,2017,Emissions (thousand metric tons of carbon dioxide),7624.932
Mozambique,2005,Emissions per capita (metric tons of carbon dioxide),0.072
Mozambique,2010,Emissions per capita (metric tons of carbon dioxide),0.098
Mozambique,2017,Emissions per capita (metric tons of carbon dioxide),0.257
Myanmar,2005,Emissions (thousand metric tons of carbon dioxide),10477.314
Myanmar,2010,Emissions (thousand metric tons of carbon dioxide),7906.445
Myanmar,2017,Emissions (thousand metric tons of carbon dioxide),30404.919
Myanmar,2005,Emissions per capita (metric tons of carbon dioxide),0.216
Myanmar,2010,Emissions per capita (metric tons of carbon dioxide),0.158
Myanmar,2017,Emissions per capita (metric tons of carbon dioxide),0.57
Namibia,2005,Emissions (thousand metric tons of carbon dioxide),2492.652
Namibia,2010,Emissions (thousand metric tons of carbon dioxide),3078.895
Namibia,2017,Emissions (thousand metric tons of carbon dioxide),4037.15
Namibia,2005,Emissions per capita (metric tons of carbon dioxide),1.227
Namibia,2010,Emissions per capita (metric tons of carbon dioxide),1.417
Namibia,2017,Emissions per capita (metric tons of carbon dioxide),1.593
Nepal,2005,Emissions (thousand metric tons of carbon dioxide),3074.201
Nepal,2010,Emissions (thousand metric tons of carbon dioxide),4121.846
Nepal,2017,Emissions (thousand metric tons of carbon dioxide),10113.953
Nepal,2005,Emissions per capita (metric tons of carbon dioxide),0.12
Nepal,2010,Emissions per capita (metric tons of carbon dioxide),0.153
Nepal,2017,Emissions per capita (metric tons of carbon dioxide),0.345
Netherlands,2005,Emissions (thousand metric tons of carbon dioxide),167489.66
Netherlands,2010,Emissions (thousand metric tons of carbon dioxide),170762.343
Netherlands,2017,Emissions (thousand metric tons of carbon dioxide),155574.278
Netherlands,2005,Emissions per capita (metric tons of carbon dioxide),10.263
Netherlands,2010,Emissions per capita (metric tons of carbon dioxide),10.278
Netherlands,2017,Emissions per capita (metric tons of carbon dioxide),9.081
New Zealand,2005,Emissions (thousand metric tons of carbon dioxide),33690.287
New Zealand,2010,Emissions (thousand metric tons of carbon dioxide),30347.958
New Zealand,2017,Emissions (thousand metric tons of carbon dioxide),32241.597
New Zealand,2005,Emissions per capita (metric tons of carbon dioxide),8.122
New Zealand,2010,Emissions per capita (metric tons of carbon dioxide),6.956
New Zealand,2017,Emissions per capita (metric tons of carbon dioxide),6.673
Nicaragua,2005,Emissions (thousand metric tons of carbon dioxide),4032.083
Nicaragua,2010,Emissions (thousand metric tons of carbon dioxide),4277.15
Nicaragua,2017,Emissions (thousand metric tons of carbon dioxide),5106.281
Nicaragua,2005,Emissions per capita (metric tons of carbon dioxide),0.75
Nicaragua,2010,Emissions per capita (metric tons of carbon dioxide),0.745
Nicaragua,2017,Emissions per capita (metric tons of carbon dioxide),0.821
Niger,2005,Emissions (thousand metric tons of carbon dioxide),736.144
Niger,2010,Emissions (thousand metric tons of carbon dioxide),1358.855
Niger,2017,Emissions (thousand metric tons of carbon dioxide),2048.704
Niger,2005,Emissions per capita (metric tons of carbon dioxide),0.054
Niger,2010,Emissions per capita (metric tons of carbon dioxide),0.083
Niger,2017,Emissions per capita (metric tons of carbon dioxide),0.095
Nigeria,2005,Emissions (thousand metric tons of carbon dioxide),56558.056
Nigeria,2010,Emissions (thousand metric tons of carbon dioxide),55417.965
Nigeria,2017,Emissions (thousand metric tons of carbon dioxide),85988.513
Nigeria,2005,Emissions per capita (metric tons of carbon dioxide),0.407
Nigeria,2010,Emissions per capita (metric tons of carbon dioxide),0.349
Nigeria,2017,Emissions per capita (metric tons of carbon dioxide),0.45
Norway,2005,Emissions (thousand metric tons of carbon dioxide),34500.489
Norway,2010,Emissions (thousand metric tons of carbon dioxide),37291.15
Norway,2017,Emissions (thousand metric tons of carbon dioxide),34760.858
Norway,2005,Emissions per capita (metric tons of carbon dioxide),7.463
Norway,2010,Emissions per capita (metric tons of carbon dioxide),7.628
Norway,2017,Emissions per capita (metric tons of carbon dioxide),6.587
Oman,2005,Emissions (thousand metric tons of carbon dioxide),25181.794
Oman,2010,Emissions (thousand metric tons of carbon dioxide),42367.74
Oman,2017,Emissions (thousand metric tons of carbon dioxide),65498.56
Oman,2005,Emissions per capita (metric tons of carbon dioxide),10.029
Oman,2010,Emissions per capita (metric tons of carbon dioxide),13.932
Oman,2017,Emissions per capita (metric tons of carbon dioxide),14.128
Pakistan,2005,Emissions (thousand metric tons of carbon dioxide),114969.678
Pakistan,2010,Emissions (thousand metric tons of carbon dioxide),129168.625
Pakistan,2017,Emissions (thousand metric tons of carbon dioxide),183447.068
Pakistan,2005,Emissions per capita (metric tons of carbon dioxide),0.747
Pakistan,2010,Emissions per capita (metric tons of carbon dioxide),0.757
Pakistan,2017,Emissions per capita (metric tons of carbon dioxide),0.931
Panama,2005,Emissions (thousand metric tons of carbon dioxide),6776.118
Panama,2010,Emissions (thousand metric tons of carbon dioxide),8878.513
Panama,2017,Emissions (thousand metric tons of carbon dioxide),9612.198
Panama,2005,Emissions per capita (metric tons of carbon dioxide),2.035
Panama,2010,Emissions per capita (metric tons of carbon dioxide),2.437
Panama,2017,Emissions per capita (metric tons of carbon dioxide),2.345
Paraguay,2005,Emissions (thousand metric tons of carbon dioxide),3472.665
Paraguay,2010,Emissions (thousand metric tons of carbon dioxide),4791.954
Paraguay,2017,Emissions (thousand metric tons of carbon dioxide),7654.689
Paraguay,2005,Emissions per capita (metric tons of carbon dioxide),0.599
Paraguay,2010,Emissions per capita (metric tons of carbon dioxide),0.772
Paraguay,2017,Emissions per capita (metric tons of carbon dioxide),1.124
Peru,2005,Emissions (thousand metric tons of carbon dioxide),28632.888
Peru,2010,Emissions (thousand metric tons of carbon dioxide),41544.007
Peru,2017,Emissions (thousand metric tons of carbon dioxide),49693.643
Peru,2005,Emissions per capita (metric tons of carbon dioxide),1.037
Peru,2010,Emissions per capita (metric tons of carbon dioxide),1.414
Peru,2017,Emissions per capita (metric tons of carbon dioxide),1.545
Philippines,2005,Emissions (thousand metric tons of carbon dioxide),71501.652
Philippines,2010,Emissions (thousand metric tons of carbon dioxide),77128.398
Philippines,2017,Emissions (thousand metric tons of carbon dioxide),126487.694
Philippines,2005,Emissions per capita (metric tons of carbon dioxide),0.829
Philippines,2010,Emissions per capita (metric tons of carbon dioxide),0.823
Philippines,2017,Emissions per capita (metric tons of carbon dioxide),1.206
Poland,2005,Emissions (thousand metric tons of carbon dioxide),296261.105
Poland,2010,Emissions (thousand metric tons of carbon dioxide),307493.273
Poland,2017,Emissions (thousand metric tons of carbon dioxide),305841.991
Poland,2005,Emissions per capita (metric tons of carbon dioxide),7.763
Poland,2010,Emissions per capita (metric tons of carbon dioxide),7.983
Poland,2017,Emissions per capita (metric tons of carbon dioxide),7.96
Portugal,2005,Emissions (thousand metric tons of carbon dioxide),61385.798
Portugal,2010,Emissions (thousand metric tons of carbon dioxide),47561.335
Portugal,2017,Emissions (thousand metric tons of carbon dioxide),50757.815
Portugal,2005,Emissions per capita (metric tons of carbon dioxide),5.845
Portugal,2010,Emissions per capita (metric tons of carbon dioxide),4.498
Portugal,2017,Emissions per capita (metric tons of carbon dioxide),4.928
Qatar,2005,Emissions (thousand metric tons of carbon dioxide),33211.677
Qatar,2010,Emissions (thousand metric tons of carbon dioxide),55503.424
Qatar,2017,Emissions (thousand metric tons of carbon dioxide),80116.551
Qatar,2005,Emissions per capita (metric tons of carbon dioxide),38.395
Qatar,2010,Emissions per capita (metric tons of carbon dioxide),31.182
Qatar,2017,Emissions per capita (metric tons of carbon dioxide),30.359
Republic of Korea,2005,Emissions (thousand metric tons of carbon dioxide),457672.117
Republic of Korea,2010,Emissions (thousand metric tons of carbon dioxide),550915.653
Republic of Korea,2017,Emissions (thousand metric tons of carbon dioxide),600034.367
Republic of Korea,2005,Emissions per capita (metric tons of carbon dioxide),9.498
Republic of Korea,2010,Emissions per capita (metric tons of carbon dioxide),11.117
Republic of Korea,2017,Emissions per capita (metric tons of carbon dioxide),11.663
Republic of Moldova,2005,Emissions (thousand metric tons of carbon dioxide),7810.491
Republic of Moldova,2010,Emissions (thousand metric tons of carbon dioxide),7946.552
Republic of Moldova,2017,Emissions (thousand metric tons of carbon dioxide),7526.673
Republic of Moldova,2005,Emissions per capita (metric tons of carbon dioxide),2.173
Republic of Moldova,2010,Emissions per capita (metric tons of carbon dioxide),2.231
Republic of Moldova,2017,Emissions per capita (metric tons of carbon dioxide),2.12
Romania,2005,Emissions (thousand metric tons of carbon dioxide),92632.653
Romania,2010,Emissions (thousand metric tons of carbon dioxide),74725.473
Romania,2017,Emissions (thousand metric tons of carbon dioxide),70788.76
Romania,2005,Emissions per capita (metric tons of carbon dioxide),4.345
Romania,2010,Emissions per capita (metric tons of carbon dioxide),3.691
Romania,2017,Emissions per capita (metric tons of carbon dioxide),3.614
Russian Federation,2005,Emissions (thousand metric tons of carbon dioxide),1481897.136
Russian Federation,2010,Emissions (thousand metric tons of carbon dioxide),1529228.168
Russian Federation,2017,Emissions (thousand metric tons of carbon dioxide),1536878.825
Russian Federation,2005,Emissions per capita (metric tons of carbon dioxide),10.325
Russian Federation,2010,Emissions per capita (metric tons of carbon dioxide),10.705
Russian Federation,2017,Emissions per capita (metric tons of carbon dioxide),10.636
Saudi Arabia,2005,Emissions (thousand metric tons of carbon dioxide),298036.626
Saudi Arabia,2010,Emissions (thousand metric tons of carbon dioxide),419163.541
Saudi Arabia,2017,Emissions (thousand metric tons of carbon dioxide),532181.611
Saudi Arabia,2005,Emissions per capita (metric tons of carbon dioxide),12.467
Saudi Arabia,2010,Emissions per capita (metric tons of carbon dioxide),15.283
Saudi Arabia,2017,Emissions per capita (metric tons of carbon dioxide),16.157
Senegal,2005,Emissions (thousand metric tons of carbon dioxide),4626.203
Senegal,2010,Emissions (thousand metric tons of carbon dioxide),5460.983
Senegal,2017,Emissions (thousand metric tons of carbon dioxide),8311.532
Senegal,2005,Emissions per capita (metric tons of carbon dioxide),0.411
Senegal,2010,Emissions per capita (metric tons of carbon dioxide),0.423
Senegal,2017,Emissions per capita (metric tons of carbon dioxide),0.524
Serbia,2005,Emissions (thousand metric tons of carbon dioxide),50320.015
Serbia,2010,Emissions (thousand metric tons of carbon dioxide),45610.19
Serbia,2017,Emissions (thousand metric tons of carbon dioxide),46129.569
Serbia,2005,Emissions per capita (metric tons of carbon dioxide),6.763
Serbia,2010,Emissions per capita (metric tons of carbon dioxide),6.256
Serbia,2017,Emissions per capita (metric tons of carbon dioxide),6.569
Singapore,2005,Emissions (thousand metric tons of carbon dioxide),36901.353
Singapore,2010,Emissions (thousand metric tons of carbon dioxide),42413.616
Singapore,2017,Emissions (thousand metric tons of carbon dioxide),47407.144
Singapore,2005,Emissions per capita (metric tons of carbon dioxide),8.65
Singapore,2010,Emissions per capita (metric tons of carbon dioxide),8.354
Singapore,2017,Emissions per capita (metric tons of carbon dioxide),8.447
Slovakia,2005,Emissions (thousand metric tons of carbon dioxide),37262.253
Slovakia,2010,Emissions (thousand metric tons of carbon dioxide),34572.279
Slovakia,2017,Emissions (thousand metric tons of carbon dioxide),32212.012
Slovakia,2005,Emissions per capita (metric tons of carbon dioxide),6.917
Slovakia,2010,Emissions per capita (metric tons of carbon dioxide),6.367
Slovakia,2017,Emissions per capita (metric tons of carbon dioxide),5.924
Slovenia,2005,Emissions (thousand metric tons of carbon dioxide),15443.058
Slovenia,2010,Emissions (thousand metric tons of carbon dioxide),15446.955
Slovenia,2017,Emissions (thousand metric tons of carbon dioxide),13410.666
Slovenia,2005,Emissions per capita (metric tons of carbon dioxide),7.718
Slovenia,2010,Emissions per capita (metric tons of carbon dioxide),7.539
Slovenia,2017,Emissions per capita (metric tons of carbon dioxide),6.491
South Africa,2005,Emissions (thousand metric tons of carbon dioxide),372313.634
South Africa,2010,Emissions (thousand metric tons of carbon dioxide),418800.964
South Africa,2017,Emissions (thousand metric tons of carbon dioxide),421682.392
South Africa,2005,Emissions per capita (metric tons of carbon dioxide),7.626
South Africa,2010,Emissions per capita (metric tons of carbon dioxide),8.119
South Africa,2017,Emissions per capita (metric tons of carbon dioxide),7.435
South Sudan,2017,Emissions (thousand metric tons of carbon dioxide),1549.031
South Sudan,2017,Emissions per capita (metric tons of carbon dioxide),0.123
Spain,2005,Emissions (thousand metric tons of carbon dioxide),333710.098
Spain,2010,Emissions (thousand metric tons of carbon dioxide),262054.512
Spain,2017,Emissions (thousand metric tons of carbon dioxide),253423.277
Spain,2005,Emissions per capita (metric tons of carbon dioxide),7.643
Spain,2010,Emissions per capita (metric tons of carbon dioxide),5.628
Spain,2017,Emissions per capita (metric tons of carbon dioxide),5.446
Sri Lanka,2005,Emissions (thousand metric tons of carbon dioxide),13392.91
Sri Lanka,2010,Emissions (thousand metric tons of carbon dioxide),12408.76
Sri Lanka,2017,Emissions (thousand metric tons of carbon dioxide),23103.271
Sri Lanka,2005,Emissions per capita (metric tons of carbon dioxide),0.686
Sri Lanka,2010,Emissions per capita (metric tons of carbon dioxide),0.614
Sri Lanka,2017,Emissions per capita (metric tons of carbon dioxide),1.077
Sudan,2005,Emissions (thousand metric tons of carbon dioxide),9927.598
Sudan,2010,Emissions (thousand metric tons of carbon dioxide),15122.702
Sudan,2017,Emissions (thousand metric tons of carbon dioxide),18777.895
Sudan,2005,Emissions per capita (metric tons of carbon dioxide),0.254
Sudan,2010,Emissions per capita (metric tons of carbon dioxide),0.34
Sudan,2017,Emissions per capita (metric tons of carbon dioxide),0.463
Suriname,2005,Emissions (thousand metric tons of carbon dioxide),1652.793
Suriname,2010,Emissions (thousand metric tons of carbon dioxide),1695.676
Suriname,2017,Emissions (thousand metric tons of carbon dioxide),1928.134
Suriname,2005,Emissions per capita (metric tons of carbon dioxide),3.312
Suriname,2010,Emissions per capita (metric tons of carbon dioxide),3.224
Suriname,2017,Emissions per capita (metric tons of carbon dioxide),3.425
Sweden,2005,Emissions (thousand metric tons of carbon dioxide),49105.656
Sweden,2010,Emissions (thousand metric tons of carbon dioxide),46062.647
Sweden,2017,Emissions (thousand metric tons of carbon dioxide),37643.785
Sweden,2005,Emissions per capita (metric tons of carbon dioxide),5.438
Sweden,2010,Emissions per capita (metric tons of carbon dioxide),4.912
Sweden,2017,Emissions per capita (metric tons of carbon dioxide),3.743
Switzerland,2005,Emissions (thousand metric tons of carbon dioxide),44006.757
Switzerland,2010,Emissions (thousand metric tons of carbon dioxide),43257.966
Switzerland,2017,Emissions (thousand metric tons of carbon dioxide),37135.572
Switzerland,2005,Emissions per capita (metric tons of carbon dioxide),5.882
Switzerland,2010,Emissions per capita (metric tons of carbon dioxide),5.506
Switzerland,2017,Emissions per capita (metric tons of carbon dioxide),4.394
Syrian Arab Republic,2005,Emissions (thousand metric tons of carbon dioxide),53466.192
Syrian Arab Republic,2010,Emissions (thousand metric tons of carbon dioxide),57270.529
Syrian Arab Republic,2017,Emissions (thousand metric tons of carbon dioxide),23031.045
Syrian Arab Republic,2005,Emissions per capita (metric tons of carbon dioxide),2.922
Syrian Arab Republic,2010,Emissions per capita (metric tons of carbon dioxide),2.725
Syrian Arab Republic,2017,Emissions per capita (metric tons of carbon dioxide),1.261
Tajikistan,2005,Emissions (thousand metric tons of carbon dioxide),2347.227
Tajikistan,2010,Emissions (thousand metric tons of carbon dioxide),2302.905
Tajikistan,2017,Emissions (thousand metric tons of carbon dioxide),5843.657
Tajikistan,2005,Emissions per capita (metric tons of carbon dioxide),0.342
Tajikistan,2010,Emissions per capita (metric tons of carbon dioxide),0.301
Tajikistan,2017,Emissions per capita (metric tons of carbon dioxide),0.655
Thailand,2005,Emissions (thousand metric tons of carbon dioxide),200203.804
Thailand,2010,Emissions (thousand metric tons of carbon dioxide),223418.643
Thailand,2017,Emissions (thousand metric tons of carbon dioxide),244254.785
Thailand,2005,Emissions per capita (metric tons of carbon dioxide),3.06
Thailand,2010,Emissions per capita (metric tons of carbon dioxide),3.324
Thailand,2017,Emissions per capita (metric tons of carbon dioxide),3.538
North Macedonia,2005,Emissions (thousand metric tons of carbon dioxide),8917.292
North Macedonia,2010,Emissions (thousand metric tons of carbon dioxide),8319.696
North Macedonia,2017,Emissions (thousand metric tons of carbon dioxide),7440.699
North Macedonia,2005,Emissions per capita (metric tons of carbon dioxide),4.329
North Macedonia,2010,Emissions per capita (metric tons of carbon dioxide),4.017
North Macedonia,2017,Emissions per capita (metric tons of carbon dioxide),3.572
Togo,2005,Emissions (thousand metric tons of carbon dioxide),963.204
Togo,2010,Emissions (thousand metric tons of carbon dioxide),2076.229
Togo,2017,Emissions (thousand metric tons of carbon dioxide),2082.434
Togo,2005,Emissions per capita (metric tons of carbon dioxide),0.169
Togo,2010,Emissions per capita (metric tons of carbon dioxide),0.319
Togo,2017,Emissions per capita (metric tons of carbon dioxide),0.267
Trinidad and Tobago,2005,Emissions (thousand metric tons of carbon dioxide),17175.823
Trinidad and Tobago,2010,Emissions (thousand metric tons of carbon dioxide),21849.145
Trinidad and Tobago,2017,Emissions (thousand metric tons of carbon dioxide),18007.573
Trinidad and Tobago,2005,Emissions per capita (metric tons of carbon dioxide),13.243
Trinidad and Tobago,2010,Emissions per capita (metric tons of carbon dioxide),16.453
Trinidad and Tobago,2017,Emissions per capita (metric tons of carbon dioxide),13.154
Tunisia,2005,Emissions (thousand metric tons of carbon dioxide),19472.77
Tunisia,2010,Emissions (thousand metric tons of carbon dioxide),23293.569
Tunisia,2017,Emissions (thousand metric tons of carbon dioxide),26156.972
Tunisia,2005,Emissions per capita (metric tons of carbon dioxide),1.928
Tunisia,2010,Emissions per capita (metric tons of carbon dioxide),2.189
Tunisia,2017,Emissions per capita (metric tons of carbon dioxide),2.268
Turkey,2005,Emissions (thousand metric tons of carbon dioxide),215892.986
Turkey,2010,Emissions (thousand metric tons of carbon dioxide),267846.219
Turkey,2017,Emissions (thousand metric tons of carbon dioxide),378631.09
Turkey,2005,Emissions per capita (metric tons of carbon dioxide),3.155
Turkey,2010,Emissions per capita (metric tons of carbon dioxide),3.662
Turkey,2017,Emissions per capita (metric tons of carbon dioxide),4.714
Turkmenistan,2005,Emissions (thousand metric tons of carbon dioxide),48103.296
Turkmenistan,2010,Emissions (thousand metric tons of carbon dioxide),56919.769
Turkmenistan,2017,Emissions (thousand metric tons of carbon dioxide),68998.881
Turkmenistan,2005,Emissions per capita (metric tons of carbon dioxide),10.116
Turkmenistan,2010,Emissions per capita (metric tons of carbon dioxide),11.189
Turkmenistan,2017,Emissions per capita (metric tons of carbon dioxide),11.983
Ukraine,2005,Emissions (thousand metric tons of carbon dioxide),290620.184
Ukraine,2010,Emissions (thousand metric tons of carbon dioxide),266580.685
Ukraine,2017,Emissions (thousand metric tons of carbon dioxide),171300.035
Ukraine,2005,Emissions per capita (metric tons of carbon dioxide),6.17
Ukraine,2010,Emissions per capita (metric tons of carbon dioxide),5.812
Ukraine,2017,Emissions per capita (metric tons of carbon dioxide),3.821
United Arab Emirates,2005,Emissions (thousand metric tons of carbon dioxide),111145.283
United Arab Emirates,2010,Emissions (thousand metric tons of carbon dioxide),154590.032
United Arab Emirates,2017,Emissions (thousand metric tons of carbon dioxide),196510.174
United Arab Emirates,2005,Emissions per capita (metric tons of carbon dioxide),24.268
United Arab Emirates,2010,Emissions per capita (metric tons of carbon dioxide),18.691
United Arab Emirates,2017,Emissions per capita (metric tons of carbon dioxide),20.905
United Kingdom,2005,Emissions (thousand metric tons of carbon dioxide),531648.669
United Kingdom,2010,Emissions (thousand metric tons of carbon dioxide),476626.011
United Kingdom,2017,Emissions (thousand metric tons of carbon dioxide),358731.281
United Kingdom,2005,Emissions per capita (metric tons of carbon dioxide),8.8
United Kingdom,2010,Emissions per capita (metric tons of carbon dioxide),7.594
United Kingdom,2017,Emissions per capita (metric tons of carbon dioxide),5.432
United Rep. of Tanzania,2005,Emissions (thousand metric tons of carbon dioxide),5118.673
United Rep. of Tanzania,2010,Emissions (thousand metric tons of carbon dioxide),6216.798
United Rep. of Tanzania,2017,Emissions (thousand metric tons of carbon dioxide),10131.79
United Rep. of Tanzania,2005,Emissions per capita (metric tons of carbon dioxide),0.13
United Rep. of Tanzania,2010,Emissions per capita (metric tons of carbon dioxide),0.135
United Rep. of Tanzania,2017,Emissions per capita (metric tons of carbon dioxide),0.177
United States of America,2005,Emissions (thousand metric tons of carbon dioxide),5703220.175
United States of America,2010,Emissions (thousand metric tons of carbon dioxide),5352120.423
United States of America,2017,Emissions (thousand metric tons of carbon dioxide),4761301.727
United States of America,2005,Emissions per capita (metric tons of carbon dioxide),19.268
United States of America,2010,Emissions per capita (metric tons of carbon dioxide),17.276
United States of America,2017,Emissions per capita (metric tons of carbon dioxide),14.606
Uruguay,2005,Emissions (thousand metric tons of carbon dioxide),5151.871
Uruguay,2010,Emissions (thousand metric tons of carbon dioxide),5959.638
Uruguay,2017,Emissions (thousand metric tons of carbon dioxide),5872.957
Uruguay,2005,Emissions per capita (metric tons of carbon dioxide),1.549
Uruguay,2010,Emissions per capita (metric tons of carbon dioxide),1.766
Uruguay,2017,Emissions per capita (metric tons of carbon dioxide),1.699
Uzbekistan,2005,Emissions (thousand metric tons of carbon dioxide),105599.618
Uzbekistan,2010,Emissions (thousand metric tons of carbon dioxide),100562.513
Uzbekistan,2017,Emissions (thousand metric tons of carbon dioxide),81156.397
Uzbekistan,2005,Emissions per capita (metric tons of carbon dioxide),4.036
Uzbekistan,2010,Emissions per capita (metric tons of carbon dioxide),3.521
Uzbekistan,2017,Emissions per capita (metric tons of carbon dioxide),2.506
Venezuela (Boliv. Rep. of),2005,Emissions (thousand metric tons of carbon dioxide),137701.548
Venezuela (Boliv. Rep. of),2010,Emissions (thousand metric tons of carbon dioxide),171468.892
Venezuela (Boliv. Rep. of),2017,Emissions (thousand metric tons of carbon dioxide),113717.543
Venezuela (Boliv. Rep. of),2005,Emissions per capita (metric tons of carbon dioxide),5.141
Venezuela (Boliv. Rep. of),2010,Emissions per capita (metric tons of carbon dioxide),5.907
Venezuela (Boliv. Rep. of),2017,Emissions per capita (metric tons of carbon dioxide),3.556
Viet Nam,2005,Emissions (thousand metric tons of carbon dioxide),79230.185
Viet Nam,2010,Emissions (thousand metric tons of carbon dioxide),126659.264
Viet Nam,2017,Emissions (thousand metric tons of carbon dioxide),191243.601
Viet Nam,2005,Emissions per capita (metric tons of carbon dioxide),0.94
Viet Nam,2010,Emissions per capita (metric tons of carbon dioxide),1.432
Viet Nam,2017,Emissions per capita (metric tons of carbon dioxide),2.002
Yemen,2005,Emissions (thousand metric tons of carbon dioxide),18836.222
Yemen,2010,Emissions (thousand metric tons of carbon dioxide),22388.934
Yemen,2017,Emissions (thousand metric tons of carbon dioxide),8919.998
Yemen,2005,Emissions per capita (metric tons of carbon dioxide),0.915
Yemen,2010,Emissions per capita (metric tons of carbon dioxide),0.948
Yemen,2017,Emissions per capita (metric tons of carbon dioxide),0.316
Zambia,2005,Emissions (thousand metric tons of carbon dioxide),2120.692
Zambia,2010,Emissions (thousand metric tons of carbon dioxide),1636.973
Zambia,2017,Emissions (thousand metric tons of carbon dioxide),6007.872
Zambia,2005,Emissions per capita (metric tons of carbon dioxide),0.176
Zambia,2010,Emissions per capita (metric tons of carbon dioxide),0.118
Zambia,2017,Emissions per capita (metric tons of carbon dioxide),0.351
Zimbabwe,2005,Emissions (thousand metric tons of carbon dioxide),10272.774
Zimbabwe,2010,Emissions (thousand metric tons of carbon dioxide),9464.714
Zimbabwe,2017,Emissions (thousand metric tons of carbon dioxide),9714.938
Zimbabwe,2005,Emissions per capita (metric tons of carbon dioxide),0.794
Zimbabwe,2010,Emissions per capita (metric tons of carbon dioxide),0.672
Zimbabwe,2017,Emissions per capita (metric tons of carbon dioxide),0.588
